disease,user_number,explicit_number,implicit_number
小儿腹泻,2678,1.984316654219567,1.0638536221060493
小儿消化不良,3056,2.135798429319372,0.5634816753926701
上呼吸道感染,5051,2.725598891308652,0.727182736091863
小儿支气管炎,2615,2.9422562141491397,1.0233269598470363
